Year, Month, Day,     Extent,    Missing, Source Data
YYYY,    MM,  DD, 10^6 sq km, 10^6 sq km, Source data product web site: http://nsidc.org/data/nsidc-0081.html
2013,    10,  01,    5.79772,    0.00000, ftp://sidads.colorado.edu/pub/DATASETS/nsidc0081_nrt_nasateam_seaice/north/nt_20131001_f17_nrt_n.bin
2013,    10,  02,    5.81952,    0.00000, ftp://sidads.colorado.edu/pub/DATASETS/nsidc0081_nrt_nasateam_seaice/north/nt_20131002_f17_nrt_n.bin
2013,    10,  03,    5.89346,    0.00000, ftp://sidads.colorado.edu/pub/DATASETS/nsidc0081_nrt_nasateam_seaice/north/nt_20131003_f17_nrt_n.bin
2013,    10,  04,    5.98020,    0.00000, ftp://sidads.colorado.edu/pub/DATASETS/nsidc0081_nrt_nasateam_seaice/north/nt_20131004_f17_nrt_n.bin
2013,    10,  05,    6.15892,    0.00000, ftp://sidads.colorado.edu/pub/DATASETS/nsidc0081_nrt_nasateam_seaice/north/nt_20131005_f17_nrt_n.bin
2013,    10,  06,    6.23333,    0.00000, ftp://sidads.colorado.edu/pub/DATASETS/nsidc0081_nrt_nasateam_seaice/north/nt_20131006_f17_nrt_n.bin
2013,    10,  07,    6.38078,    0.00000, ftp://sidads.colorado.edu/pub/DATASETS/nsidc0081_nrt_nasateam_seaice/north/nt_20131007_f17_nrt_n.bin
2013,    10,  08,    6.54973,    0.00000, ftp://sidads.colorado.edu/pub/DATASETS/nsidc0081_nrt_nasateam_seaice/north/nt_20131008_f17_nrt_n.bin
2013,    10,  09,    6.61528,    0.00000, ftp://sidads.colorado.edu/pub/DATASETS/nsidc0081_nrt_nasateam_seaice/north/nt_20131009_f17_nrt_n.bin
2013,    10,  10,    6.72772,    0.00000, ftp://sidads.colorado.edu/pub/DATASETS/nsidc0081_nrt_nasateam_seaice/north/nt_20131010_f17_nrt_n.bin
2013,    10,  11,    6.84448,    0.00000, ftp://sidads.colorado.edu/pub/DATASETS/nsidc0081_nrt_nasateam_seaice/north/nt_20131011_f17_nrt_n.bin
2013,    10,  12,    7.01730,    0.00000, ftp://sidads.colorado.edu/pub/DATASETS/nsidc0081_nrt_nasateam_seaice/north/nt_20131012_f17_nrt_n.bin
2013,    10,  13,    7.17213,    0.00000, ftp://sidads.colorado.edu/pub/DATASETS/nsidc0081_nrt_nasateam_seaice/north/nt_20131013_f17_nrt_n.bin
2013,    10,  14,    7.30335,    0.00000, ftp://sidads.colorado.edu/pub/DATASETS/nsidc0081_nrt_nasateam_seaice/north/nt_20131014_f17_nrt_n.bin
2013,    10,  15,    7.40322,    0.00000, ftp://sidads.colorado.edu/pub/DATASETS/nsidc0081_nrt_nasateam_seaice/north/nt_20131015_f17_nrt_n.bin
2013,    10,  16,    7.49957,    0.00000, ftp://sidads.colorado.edu/pub/DATASETS/nsidc0081_nrt_nasateam_seaice/north/nt_20131016_f17_nrt_n.bin
2013,    10,  17,    7.66137,    0.00000, ftp://sidads.colorado.edu/pub/DATASETS/nsidc0081_nrt_nasateam_seaice/north/nt_20131017_f17_nrt_n.bin
2013,    10,  18,    7.79125,    0.00000, ftp://sidads.colorado.edu/pub/DATASETS/nsidc0081_nrt_nasateam_seaice/north/nt_20131018_f17_nrt_n.bin
2013,    10,  19,    7.85491,    0.00000, ftp://sidads.colorado.edu/pub/DATASETS/nsidc0081_nrt_nasateam_seaice/north/nt_20131019_f17_nrt_n.bin
2013,    10,  20,    7.96809,    0.00000, ftp://sidads.colorado.edu/pub/DATASETS/nsidc0081_nrt_nasateam_seaice/north/nt_20131020_f17_nrt_n.bin
2013,    10,  21,    7.99720,    0.00000, ftp://sidads.colorado.edu/pub/DATASETS/nsidc0081_nrt_nasateam_seaice/north/nt_20131021_f17_nrt_n.bin
2013,    10,  22,    8.07025,    0.00000, ftp://sidads.colorado.edu/pub/DATASETS/nsidc0081_nrt_nasateam_seaice/north/nt_20131022_f17_nrt_n.bin
2013,    10,  23,    8.20077,    0.00000, ftp://sidads.colorado.edu/pub/DATASETS/nsidc0081_nrt_nasateam_seaice/north/nt_20131023_f17_nrt_n.bin
2013,    10,  24,    8.22718,    0.00000, ftp://sidads.colorado.edu/pub/DATASETS/nsidc0081_nrt_nasateam_seaice/north/nt_20131024_f17_nrt_n.bin
2013,    10,  25,    8.35421,    0.00000, ftp://sidads.colorado.edu/pub/DATASETS/nsidc0081_nrt_nasateam_seaice/north/nt_20131025_f17_nrt_n.bin
2013,    10,  26,    8.40468,    0.00000, ftp://sidads.colorado.edu/pub/DATASETS/nsidc0081_nrt_nasateam_seaice/north/nt_20131026_f17_nrt_n.bin
2013,    10,  27,    8.47905,    0.00000, ftp://sidads.colorado.edu/pub/DATASETS/nsidc0081_nrt_nasateam_seaice/north/nt_20131027_f17_nrt_n.bin
2013,    10,  28,    8.58999,    0.00000, ftp://sidads.colorado.edu/pub/DATASETS/nsidc0081_nrt_nasateam_seaice/north/nt_20131028_f17_nrt_n.bin
2013,    10,  29,    8.73890,    0.00000, ftp://sidads.colorado.edu/pub/DATASETS/nsidc0081_nrt_nasateam_seaice/north/nt_20131029_f17_nrt_n.bin
2013,    10,  30,    8.85508,    0.00000, ftp://sidads.colorado.edu/pub/DATASETS/nsidc0081_nrt_nasateam_seaice/north/nt_20131030_f17_nrt_n.bin
2013,    10,  31,    8.94620,    0.00000, ftp://sidads.colorado.edu/pub/DATASETS/nsidc0081_nrt_nasateam_seaice/north/nt_20131031_f17_nrt_n.bin
2013,    11,  01,    9.19306,    0.00000, ftp://sidads.colorado.edu/pub/DATASETS/nsidc0081_nrt_nasateam_seaice/north/nt_20131101_f17_nrt_n.bin
2013,    11,  02,    9.23048,    0.00000, ftp://sidads.colorado.edu/pub/DATASETS/nsidc0081_nrt_nasateam_seaice/north/nt_20131102_f17_nrt_n.bin
2013,    11,  03,    9.23471,    0.00000, ftp://sidads.colorado.edu/pub/DATASETS/nsidc0081_nrt_nasateam_seaice/north/nt_20131103_f17_nrt_n.bin
2013,    11,  04,    9.28041,    0.00000, ftp://sidads.colorado.edu/pub/DATASETS/nsidc0081_nrt_nasateam_seaice/north/nt_20131104_f17_nrt_n.bin
2013,    11,  05,    9.32472,    0.00000, ftp://sidads.colorado.edu/pub/DATASETS/nsidc0081_nrt_nasateam_seaice/north/nt_20131105_f17_nrt_n.bin
2013,    11,  06,    9.33091,    0.00000, ftp://sidads.colorado.edu/pub/DATASETS/nsidc0081_nrt_nasateam_seaice/north/nt_20131106_f17_nrt_n.bin
2013,    11,  07,    9.32406,    0.00000, ftp://sidads.colorado.edu/pub/DATASETS/nsidc0081_nrt_nasateam_seaice/north/nt_20131107_f17_nrt_n.bin
2013,    11,  08,    9.21649,    0.00000, ftp://sidads.colorado.edu/pub/DATASETS/nsidc0081_nrt_nasateam_seaice/north/nt_20131108_f17_nrt_n.bin
2013,    11,  09,    9.32446,    0.00000, ftp://sidads.colorado.edu/pub/DATASETS/nsidc0081_nrt_nasateam_seaice/north/nt_20131109_f17_nrt_n.bin
2013,    11,  10,    9.49269,    0.00000, ftp://sidads.colorado.edu/pub/DATASETS/nsidc0081_nrt_nasateam_seaice/north/nt_20131110_f17_nrt_n.bin
2013,    11,  11,    9.61579,    0.00000, ftp://sidads.colorado.edu/pub/DATASETS/nsidc0081_nrt_nasateam_seaice/north/nt_20131111_f17_nrt_n.bin
2013,    11,  12,    9.59331,    0.00000, ftp://sidads.colorado.edu/pub/DATASETS/nsidc0081_nrt_nasateam_seaice/north/nt_20131112_f17_nrt_n.bin
2013,    11,  13,    9.59275,    0.00000, ftp://sidads.colorado.edu/pub/DATASETS/nsidc0081_nrt_nasateam_seaice/north/nt_20131113_f17_nrt_n.bin
2013,    11,  14,    9.62424,    0.00000, ftp://sidads.colorado.edu/pub/DATASETS/nsidc0081_nrt_nasateam_seaice/north/nt_20131114_f17_nrt_n.bin
2013,    11,  15,    9.77041,    0.00000, ftp://sidads.colorado.edu/pub/DATASETS/nsidc0081_nrt_nasateam_seaice/north/nt_20131115_f17_nrt_n.bin
2013,    11,  16,    9.77969,    0.00000, ftp://sidads.colorado.edu/pub/DATASETS/nsidc0081_nrt_nasateam_seaice/north/nt_20131116_f17_nrt_n.bin
2013,    11,  17,    9.89219,    0.00000, ftp://sidads.colorado.edu/pub/DATASETS/nsidc0081_nrt_nasateam_seaice/north/nt_20131117_f17_nrt_n.bin
2013,    11,  18,   10.09606,    0.00000, ftp://sidads.colorado.edu/pub/DATASETS/nsidc0081_nrt_nasateam_seaice/north/nt_20131118_f17_nrt_n.bin
2013,    11,  19,   10.16076,    0.00000, ftp://sidads.colorado.edu/pub/DATASETS/nsidc0081_nrt_nasateam_seaice/north/nt_20131119_f17_nrt_n.bin
2013,    11,  20,   10.25264,    0.00000, ftp://sidads.colorado.edu/pub/DATASETS/nsidc0081_nrt_nasateam_seaice/north/nt_20131120_f17_nrt_n.bin
2013,    11,  21,   10.32992,    0.00000, ftp://sidads.colorado.edu/pub/DATASETS/nsidc0081_nrt_nasateam_seaice/north/nt_20131121_f17_nrt_n.bin
2013,    11,  22,   10.39715,    0.00000, ftp://sidads.colorado.edu/pub/DATASETS/nsidc0081_nrt_nasateam_seaice/north/nt_20131122_f17_nrt_n.bin
2013,    11,  23,   10.50210,    0.00000, ftp://sidads.colorado.edu/pub/DATASETS/nsidc0081_nrt_nasateam_seaice/north/nt_20131123_f17_nrt_n.bin
2013,    11,  24,   10.54820,    0.00000, ftp://sidads.colorado.edu/pub/DATASETS/nsidc0081_nrt_nasateam_seaice/north/nt_20131124_f17_nrt_n.bin
2013,    11,  25,   10.55879,    0.00000, ftp://sidads.colorado.edu/pub/DATASETS/nsidc0081_nrt_nasateam_seaice/north/nt_20131125_f17_nrt_n.bin
2013,    11,  26,   10.71382,    0.00000, ftp://sidads.colorado.edu/pub/DATASETS/nsidc0081_nrt_nasateam_seaice/north/nt_20131126_f17_nrt_n.bin
2013,    11,  27,   10.87791,    0.00000, ftp://sidads.colorado.edu/pub/DATASETS/nsidc0081_nrt_nasateam_seaice/north/nt_20131127_f17_nrt_n.bin
2013,    11,  28,   10.98987,    0.00000, ftp://sidads.colorado.edu/pub/DATASETS/nsidc0081_nrt_nasateam_seaice/north/nt_20131128_f17_nrt_n.bin
2013,    11,  29,   11.10222,    0.00000, ftp://sidads.colorado.edu/pub/DATASETS/nsidc0081_nrt_nasateam_seaice/north/nt_20131129_f17_nrt_n.bin
2013,    11,  30,   11.14758,    0.00000, ftp://sidads.colorado.edu/pub/DATASETS/nsidc0081_nrt_nasateam_seaice/north/nt_20131130_f17_nrt_n.bin
2013,    12,  01,   11.32527,    0.00000, ftp://sidads.colorado.edu/pub/DATASETS/nsidc0081_nrt_nasateam_seaice/north/nt_20131201_f17_nrt_n.bin
2013,    12,  02,   11.38770,    0.00000, ftp://sidads.colorado.edu/pub/DATASETS/nsidc0081_nrt_nasateam_seaice/north/nt_20131202_f17_nrt_n.bin
2013,    12,  03,   11.57691,    0.00000, ftp://sidads.colorado.edu/pub/DATASETS/nsidc0081_nrt_nasateam_seaice/north/nt_20131203_f17_nrt_n.bin
2013,    12,  04,   11.75744,    0.00000, ftp://sidads.colorado.edu/pub/DATASETS/nsidc0081_nrt_nasateam_seaice/north/nt_20131204_f17_nrt_n.bin
2013,    12,  05,   11.72921,    0.00000, ftp://sidads.colorado.edu/pub/DATASETS/nsidc0081_nrt_nasateam_seaice/north/nt_20131205_f17_nrt_n.bin
2013,    12,  06,   11.75510,    0.00000, ftp://sidads.colorado.edu/pub/DATASETS/nsidc0081_nrt_nasateam_seaice/north/nt_20131206_f17_nrt_n.bin
2013,    12,  07,   11.67349,    0.00000, ftp://sidads.colorado.edu/pub/DATASETS/nsidc0081_nrt_nasateam_seaice/north/nt_20131207_f17_nrt_n.bin
2013,    12,  08,   11.72883,    0.00000, ftp://sidads.colorado.edu/pub/DATASETS/nsidc0081_nrt_nasateam_seaice/north/nt_20131208_f17_nrt_n.bin
2013,    12,  09,   11.72747,    0.00000, ftp://sidads.colorado.edu/pub/DATASETS/nsidc0081_nrt_nasateam_seaice/north/nt_20131209_f17_nrt_n.bin
2013,    12,  10,   11.93599,    0.00000, ftp://sidads.colorado.edu/pub/DATASETS/nsidc0081_nrt_nasateam_seaice/north/nt_20131210_f17_nrt_n.bin
2013,    12,  11,   11.99236,    0.00000, ftp://sidads.colorado.edu/pub/DATASETS/nsidc0081_nrt_nasateam_seaice/north/nt_20131211_f17_nrt_n.bin
2013,    12,  12,   12.14130,    0.00000, ftp://sidads.colorado.edu/pub/DATASETS/nsidc0081_nrt_nasateam_seaice/north/nt_20131212_f17_nrt_n.bin
2013,    12,  13,   12.13165,    0.00000, ftp://sidads.colorado.edu/pub/DATASETS/nsidc0081_nrt_nasateam_seaice/north/nt_20131213_f17_nrt_n.bin
2013,    12,  14,   12.15421,    0.00000, ftp://sidads.colorado.edu/pub/DATASETS/nsidc0081_nrt_nasateam_seaice/north/nt_20131214_f17_nrt_n.bin
2013,    12,  15,   12.34204,    0.00000, ftp://sidads.colorado.edu/pub/DATASETS/nsidc0081_nrt_nasateam_seaice/north/nt_20131215_f17_nrt_n.bin
2013,    12,  16,   12.23982,    0.00000, ftp://sidads.colorado.edu/pub/DATASETS/nsidc0081_nrt_nasateam_seaice/north/nt_20131216_f17_nrt_n.bin
2013,    12,  17,   12.21522,    0.00000, ftp://sidads.colorado.edu/pub/DATASETS/nsidc0081_nrt_nasateam_seaice/north/nt_20131217_f17_nrt_n.bin
2013,    12,  18,   12.22133,    0.00000, ftp://sidads.colorado.edu/pub/DATASETS/nsidc0081_nrt_nasateam_seaice/north/nt_20131218_f17_nrt_n.bin
2013,    12,  19,   12.29536,    0.00000, ftp://sidads.colorado.edu/pub/DATASETS/nsidc0081_nrt_nasateam_seaice/north/nt_20131219_f17_nrt_n.bin
2013,    12,  20,   12.25633,    0.00000, ftp://sidads.colorado.edu/pub/DATASETS/nsidc0081_nrt_nasateam_seaice/north/nt_20131220_f17_nrt_n.bin
2013,    12,  21,   12.35393,    0.00000, ftp://sidads.colorado.edu/pub/DATASETS/nsidc0081_nrt_nasateam_seaice/north/nt_20131221_f17_nrt_n.bin
2013,    12,  22,   12.41210,    0.00000, ftp://sidads.colorado.edu/pub/DATASETS/nsidc0081_nrt_nasateam_seaice/north/nt_20131222_f17_nrt_n.bin
2013,    12,  23,   12.49153,    0.00000, ftp://sidads.colorado.edu/pub/DATASETS/nsidc0081_nrt_nasateam_seaice/north/nt_20131223_f17_nrt_n.bin
2013,    12,  24,   12.48809,    0.00000, ftp://sidads.colorado.edu/pub/DATASETS/nsidc0081_nrt_nasateam_seaice/north/nt_20131224_f17_nrt_n.bin
2013,    12,  25,   12.55024,    0.00000, ftp://sidads.colorado.edu/pub/DATASETS/nsidc0081_nrt_nasateam_seaice/north/nt_20131225_f17_nrt_n.bin
2013,    12,  26,   12.62410,    0.00000, ftp://sidads.colorado.edu/pub/DATASETS/nsidc0081_nrt_nasateam_seaice/north/nt_20131226_f17_nrt_n.bin
2013,    12,  27,   12.69498,    0.00000, ftp://sidads.colorado.edu/pub/DATASETS/nsidc0081_nrt_nasateam_seaice/north/nt_20131227_f17_nrt_n.bin
2013,    12,  28,   12.84070,    0.00000, ftp://sidads.colorado.edu/pub/DATASETS/nsidc0081_nrt_nasateam_seaice/north/nt_20131228_f17_nrt_n.bin
2013,    12,  29,   12.89493,    0.00000, ftp://sidads.colorado.edu/pub/DATASETS/nsidc0081_nrt_nasateam_seaice/north/nt_20131229_f17_nrt_n.bin
2013,    12,  30,   12.82531,    0.00000, ftp://sidads.colorado.edu/pub/DATASETS/nsidc0081_nrt_nasateam_seaice/north/nt_20131230_f17_nrt_n.bin
2013,    12,  31,   12.80419,    0.00000, ftp://sidads.colorado.edu/pub/DATASETS/nsidc0081_nrt_nasateam_seaice/north/nt_20131231_f17_nrt_n.bin
2014,    01,  01,   12.97145,    0.00000, ftp://sidads.colorado.edu/pub/DATASETS/nsidc0081_nrt_nasateam_seaice/north/nt_20140101_f17_nrt_n.bin
2014,    01,  02,   13.06702,    0.00000, ftp://sidads.colorado.edu/pub/DATASETS/nsidc0081_nrt_nasateam_seaice/north/nt_20140102_f17_nrt_n.bin
2014,    01,  03,   13.13399,    0.00000, ftp://sidads.colorado.edu/pub/DATASETS/nsidc0081_nrt_nasateam_seaice/north/nt_20140103_f17_nrt_n.bin
2014,    01,  04,   13.22008,    0.00000, ftp://sidads.colorado.edu/pub/DATASETS/nsidc0081_nrt_nasateam_seaice/north/nt_20140104_f17_nrt_n.bin
2014,    01,  05,   13.12213,    0.00000, ftp://sidads.colorado.edu/pub/DATASETS/nsidc0081_nrt_nasateam_seaice/north/nt_20140105_f17_nrt_n.bin
2014,    01,  06,   13.11912,    0.00000, ftp://sidads.colorado.edu/pub/DATASETS/nsidc0081_nrt_nasateam_seaice/north/nt_20140106_f17_nrt_n.bin
2014,    01,  07,   13.26344,    0.00000, ftp://sidads.colorado.edu/pub/DATASETS/nsidc0081_nrt_nasateam_seaice/north/nt_20140107_f17_nrt_n.bin
2014,    01,  08,   13.12891,    0.00000, ftp://sidads.colorado.edu/pub/DATASETS/nsidc0081_nrt_nasateam_seaice/north/nt_20140108_f17_nrt_n.bin
2014,    01,  09,   13.18233,    0.00000, ftp://sidads.colorado.edu/pub/DATASETS/nsidc0081_nrt_nasateam_seaice/north/nt_20140109_f17_nrt_n.bin
2014,    01,  10,   13.34238,    0.00000, ftp://sidads.colorado.edu/pub/DATASETS/nsidc0081_nrt_nasateam_seaice/north/nt_20140110_f17_nrt_n.bin
2014,    01,  11,   13.41733,    0.00000, ftp://sidads.colorado.edu/pub/DATASETS/nsidc0081_nrt_nasateam_seaice/north/nt_20140111_f17_nrt_n.bin
2014,    01,  12,   13.46067,    0.00000, ftp://sidads.colorado.edu/pub/DATASETS/nsidc0081_nrt_nasateam_seaice/north/nt_20140112_f17_nrt_n.bin
2014,    01,  13,   13.44860,    0.00000, ftp://sidads.colorado.edu/pub/DATASETS/nsidc0081_nrt_nasateam_seaice/north/nt_20140113_f17_nrt_n.bin
2014,    01,  14,   13.46601,    0.00000, ftp://sidads.colorado.edu/pub/DATASETS/nsidc0081_nrt_nasateam_seaice/north/nt_20140114_f17_nrt_n.bin
2014,    01,  15,   13.53458,    0.00000, ftp://sidads.colorado.edu/pub/DATASETS/nsidc0081_nrt_nasateam_seaice/north/nt_20140115_f17_nrt_n.bin
2014,    01,  16,   13.60048,    0.00000, ftp://sidads.colorado.edu/pub/DATASETS/nsidc0081_nrt_nasateam_seaice/north/nt_20140116_f17_nrt_n.bin
2014,    01,  17,   13.67439,    0.00000, ftp://sidads.colorado.edu/pub/DATASETS/nsidc0081_nrt_nasateam_seaice/north/nt_20140117_f17_nrt_n.bin
2014,    01,  18,   13.70409,    0.00000, ftp://sidads.colorado.edu/pub/DATASETS/nsidc0081_nrt_nasateam_seaice/north/nt_20140118_f17_nrt_n.bin
2014,    01,  19,   13.74561,    0.00000, ftp://sidads.colorado.edu/pub/DATASETS/nsidc0081_nrt_nasateam_seaice/north/nt_20140119_f17_nrt_n.bin
2014,    01,  20,   13.81173,    0.00000, ftp://sidads.colorado.edu/pub/DATASETS/nsidc0081_nrt_nasateam_seaice/north/nt_20140120_f17_nrt_n.bin
2014,    01,  21,   13.83632,    0.00000, ftp://sidads.colorado.edu/pub/DATASETS/nsidc0081_nrt_nasateam_seaice/north/nt_20140121_f17_nrt_n.bin
2014,    01,  22,   13.96679,    0.00000, ftp://sidads.colorado.edu/pub/DATASETS/nsidc0081_nrt_nasateam_seaice/north/nt_20140122_f17_nrt_n.bin
2014,    01,  23,   13.95071,    0.00000, ftp://sidads.colorado.edu/pub/DATASETS/nsidc0081_nrt_nasateam_seaice/north/nt_20140123_f17_nrt_n.bin
2014,    01,  24,   13.96042,    0.00000, ftp://sidads.colorado.edu/pub/DATASETS/nsidc0081_nrt_nasateam_seaice/north/nt_20140124_f17_nrt_n.bin
2014,    01,  25,   14.06501,    0.00000, ftp://sidads.colorado.edu/pub/DATASETS/nsidc0081_nrt_nasateam_seaice/north/nt_20140125_f17_nrt_n.bin
2014,    01,  26,   14.22944,    0.00000, ftp://sidads.colorado.edu/pub/DATASETS/nsidc0081_nrt_nasateam_seaice/north/nt_20140126_f17_nrt_n.bin
2014,    01,  27,   14.16120,    0.00000, ftp://sidads.colorado.edu/pub/DATASETS/nsidc0081_nrt_nasateam_seaice/north/nt_20140127_f17_nrt_n.bin
2014,    01,  28,   14.15295,    0.00000, ftp://sidads.colorado.edu/pub/DATASETS/nsidc0081_nrt_nasateam_seaice/north/nt_20140128_f17_nrt_n.bin
2014,    01,  29,   14.11668,    0.00000, ftp://sidads.colorado.edu/pub/DATASETS/nsidc0081_nrt_nasateam_seaice/north/nt_20140129_f17_nrt_n.bin
2014,    01,  30,   14.13051,    0.00000, ftp://sidads.colorado.edu/pub/DATASETS/nsidc0081_nrt_nasateam_seaice/north/nt_20140130_f17_nrt_n.bin
2014,    01,  31,   14.17294,    0.00000, ftp://sidads.colorado.edu/pub/DATASETS/nsidc0081_nrt_nasateam_seaice/north/nt_20140131_f17_nrt_n.bin
2014,    02,  01,   14.18960,    0.00000, ftp://sidads.colorado.edu/pub/DATASETS/nsidc0081_nrt_nasateam_seaice/north/nt_20140201_f17_nrt_n.bin
2014,    02,  02,   14.30697,    0.00000, ftp://sidads.colorado.edu/pub/DATASETS/nsidc0081_nrt_nasateam_seaice/north/nt_20140202_f17_nrt_n.bin
2014,    02,  03,   14.22818,    0.00000, ftp://sidads.colorado.edu/pub/DATASETS/nsidc0081_nrt_nasateam_seaice/north/nt_20140203_f17_nrt_n.bin
2014,    02,  04,   14.26444,    0.00000, ftp://sidads.colorado.edu/pub/DATASETS/nsidc0081_nrt_nasateam_seaice/north/nt_20140204_f17_nrt_n.bin
2014,    02,  05,   14.36964,    0.00000, ftp://sidads.colorado.edu/pub/DATASETS/nsidc0081_nrt_nasateam_seaice/north/nt_20140205_f17_nrt_n.bin
2014,    02,  06,   14.28033,    0.00000, ftp://sidads.colorado.edu/pub/DATASETS/nsidc0081_nrt_nasateam_seaice/north/nt_20140206_f17_nrt_n.bin
2014,    02,  07,   14.26948,    0.00000, ftp://sidads.colorado.edu/pub/DATASETS/nsidc0081_nrt_nasateam_seaice/north/nt_20140207_f17_nrt_n.bin
2014,    02,  08,   14.15584,    0.00000, ftp://sidads.colorado.edu/pub/DATASETS/nsidc0081_nrt_nasateam_seaice/north/nt_20140208_f17_nrt_n.bin
2014,    02,  09,   14.30492,    0.00000, ftp://sidads.colorado.edu/pub/DATASETS/nsidc0081_nrt_nasateam_seaice/north/nt_20140209_f17_nrt_n.bin
2014,    02,  10,   14.26698,    0.00000, ftp://sidads.colorado.edu/pub/DATASETS/nsidc0081_nrt_nasateam_seaice/north/nt_20140210_f17_nrt_n.bin
2014,    02,  11,   14.19789,    0.00000, ftp://sidads.colorado.edu/pub/DATASETS/nsidc0081_nrt_nasateam_seaice/north/nt_20140211_f17_nrt_n.bin
2014,    02,  12,   14.16713,    0.00000, ftp://sidads.colorado.edu/pub/DATASETS/nsidc0081_nrt_nasateam_seaice/north/nt_20140212_f17_nrt_n.bin
2014,    02,  13,   14.24786,    0.00000, ftp://sidads.colorado.edu/pub/DATASETS/nsidc0081_nrt_nasateam_seaice/north/nt_20140213_f17_nrt_n.bin
2014,    02,  14,   14.34282,    0.00000, ftp://sidads.colorado.edu/pub/DATASETS/nsidc0081_nrt_nasateam_seaice/north/nt_20140214_f17_nrt_n.bin
2014,    02,  15,   14.36066,    0.00000, ftp://sidads.colorado.edu/pub/DATASETS/nsidc0081_nrt_nasateam_seaice/north/nt_20140215_f17_nrt_n.bin
2014,    02,  16,   14.40860,    0.00000, ftp://sidads.colorado.edu/pub/DATASETS/nsidc0081_nrt_nasateam_seaice/north/nt_20140216_f17_nrt_n.bin
2014,    02,  17,   14.38229,    0.00000, ftp://sidads.colorado.edu/pub/DATASETS/nsidc0081_nrt_nasateam_seaice/north/nt_20140217_f17_nrt_n.bin
2014,    02,  18,   14.30168,    0.00000, ftp://sidads.colorado.edu/pub/DATASETS/nsidc0081_nrt_nasateam_seaice/north/nt_20140218_f17_nrt_n.bin
2014,    02,  19,   14.46200,    0.00000, ftp://sidads.colorado.edu/pub/DATASETS/nsidc0081_nrt_nasateam_seaice/north/nt_20140219_f17_nrt_n.bin
2014,    02,  20,   14.51851,    0.00000, ftp://sidads.colorado.edu/pub/DATASETS/nsidc0081_nrt_nasateam_seaice/north/nt_20140220_f17_nrt_n.bin
2014,    02,  21,   14.58174,    0.00000, ftp://sidads.colorado.edu/pub/DATASETS/nsidc0081_nrt_nasateam_seaice/north/nt_20140221_f17_nrt_n.bin
2014,    02,  22,   14.54414,    0.00000, ftp://sidads.colorado.edu/pub/DATASETS/nsidc0081_nrt_nasateam_seaice/north/nt_20140222_f17_nrt_n.bin
2014,    02,  23,   14.46475,    0.00000, ftp://sidads.colorado.edu/pub/DATASETS/nsidc0081_nrt_nasateam_seaice/north/nt_20140223_f17_nrt_n.bin
2014,    02,  24,   14.46418,    0.00000, ftp://sidads.colorado.edu/pub/DATASETS/nsidc0081_nrt_nasateam_seaice/north/nt_20140224_f17_nrt_n.bin
2014,    02,  25,   14.50036,    0.00000, ftp://sidads.colorado.edu/pub/DATASETS/nsidc0081_nrt_nasateam_seaice/north/nt_20140225_f17_nrt_n.bin
2014,    02,  26,   14.58615,    0.00000, ftp://sidads.colorado.edu/pub/DATASETS/nsidc0081_nrt_nasateam_seaice/north/nt_20140226_f17_nrt_n.bin
2014,    02,  27,   14.64230,    0.00000, ftp://sidads.colorado.edu/pub/DATASETS/nsidc0081_nrt_nasateam_seaice/north/nt_20140227_f17_nrt_n.bin
2014,    02,  28,   14.62736,    0.00000, ftp://sidads.colorado.edu/pub/DATASETS/nsidc0081_nrt_nasateam_seaice/north/nt_20140228_f17_nrt_n.bin
2014,    03,  01,   14.59554,    0.00000, ftp://sidads.colorado.edu/pub/DATASETS/nsidc0081_nrt_nasateam_seaice/north/nt_20140301_f17_nrt_n.bin
2014,    03,  02,   14.63141,    0.00000, ftp://sidads.colorado.edu/pub/DATASETS/nsidc0081_nrt_nasateam_seaice/north/nt_20140302_f17_nrt_n.bin
2014,    03,  03,   14.63669,    0.00000, ftp://sidads.colorado.edu/pub/DATASETS/nsidc0081_nrt_nasateam_seaice/north/nt_20140303_f17_nrt_n.bin
2014,    03,  04,   14.65495,    0.00000, ftp://sidads.colorado.edu/pub/DATASETS/nsidc0081_nrt_nasateam_seaice/north/nt_20140304_f17_nrt_n.bin
2014,    03,  05,   14.75141,    0.00000, ftp://sidads.colorado.edu/pub/DATASETS/nsidc0081_nrt_nasateam_seaice/north/nt_20140305_f17_nrt_n.bin
2014,    03,  06,   14.75613,    0.00000, ftp://sidads.colorado.edu/pub/DATASETS/nsidc0081_nrt_nasateam_seaice/north/nt_20140306_f17_nrt_n.bin
2014,    03,  07,   14.68486,    0.00000, ftp://sidads.colorado.edu/pub/DATASETS/nsidc0081_nrt_nasateam_seaice/north/nt_20140307_f17_nrt_n.bin
2014,    03,  08,   14.52682,    0.00000, ftp://sidads.colorado.edu/pub/DATASETS/nsidc0081_nrt_nasateam_seaice/north/nt_20140308_f17_nrt_n.bin
2014,    03,  09,   14.56161,    0.00000, ftp://sidads.colorado.edu/pub/DATASETS/nsidc0081_nrt_nasateam_seaice/north/nt_20140309_f17_nrt_n.bin
2014,    03,  10,   14.52475,    0.00000, ftp://sidads.colorado.edu/pub/DATASETS/nsidc0081_nrt_nasateam_seaice/north/nt_20140310_f17_nrt_n.bin
2014,    03,  11,   14.61842,    0.00000, ftp://sidads.colorado.edu/pub/DATASETS/nsidc0081_nrt_nasateam_seaice/north/nt_20140311_f17_nrt_n.bin
2014,    03,  12,   14.75366,    0.00000, ftp://sidads.colorado.edu/pub/DATASETS/nsidc0081_nrt_nasateam_seaice/north/nt_20140312_f17_nrt_n.bin
2014,    03,  13,   14.85997,    0.00000, ftp://sidads.colorado.edu/pub/DATASETS/nsidc0081_nrt_nasateam_seaice/north/nt_20140313_f17_nrt_n.bin
2014,    03,  14,   14.80157,    0.00000, ftp://sidads.colorado.edu/pub/DATASETS/nsidc0081_nrt_nasateam_seaice/north/nt_20140314_f17_nrt_n.bin
2014,    03,  15,   14.86775,    0.00000, ftp://sidads.colorado.edu/pub/DATASETS/nsidc0081_nrt_nasateam_seaice/north/nt_20140315_f17_nrt_n.bin
2014,    03,  16,   14.87712,    0.00000, ftp://sidads.colorado.edu/pub/DATASETS/nsidc0081_nrt_nasateam_seaice/north/nt_20140316_f17_nrt_n.bin
2014,    03,  17,   14.87855,    0.00000, ftp://sidads.colorado.edu/pub/DATASETS/nsidc0081_nrt_nasateam_seaice/north/nt_20140317_f17_nrt_n.bin
2014,    03,  18,   14.92763,    0.00000, ftp://sidads.colorado.edu/pub/DATASETS/nsidc0081_nrt_nasateam_seaice/north/nt_20140318_f17_nrt_n.bin
2014,    03,  19,   14.87479,    0.00000, ftp://sidads.colorado.edu/pub/DATASETS/nsidc0081_nrt_nasateam_seaice/north/nt_20140319_f17_nrt_n.bin
2014,    03,  20,   14.96031,    0.00000, ftp://sidads.colorado.edu/pub/DATASETS/nsidc0081_nrt_nasateam_seaice/north/nt_20140320_f17_nrt_n.bin
2014,    03,  21,   14.92153,    0.00000, ftp://sidads.colorado.edu/pub/DATASETS/nsidc0081_nrt_nasateam_seaice/north/nt_20140321_f17_nrt_n.bin
2014,    03,  22,   14.75708,    0.00000, ftp://sidads.colorado.edu/pub/DATASETS/nsidc0081_nrt_nasateam_seaice/north/nt_20140322_f17_nrt_n.bin
2014,    03,  23,   14.69981,    0.00000, ftp://sidads.colorado.edu/pub/DATASETS/nsidc0081_nrt_nasateam_seaice/north/nt_20140323_f17_nrt_n.bin
2014,    03,  24,   14.64586,    0.00000, ftp://sidads.colorado.edu/pub/DATASETS/nsidc0081_nrt_nasateam_seaice/north/nt_20140324_f17_nrt_n.bin
2014,    03,  25,   14.66510,    0.00000, ftp://sidads.colorado.edu/pub/DATASETS/nsidc0081_nrt_nasateam_seaice/north/nt_20140325_f17_nrt_n.bin
2014,    03,  26,   14.66352,    0.00000, ftp://sidads.colorado.edu/pub/DATASETS/nsidc0081_nrt_nasateam_seaice/north/nt_20140326_f17_nrt_n.bin
2014,    03,  27,   14.62643,    0.00000, ftp://sidads.colorado.edu/pub/DATASETS/nsidc0081_nrt_nasateam_seaice/north/nt_20140327_f17_nrt_n.bin
2014,    03,  28,   14.60374,    0.00000, ftp://sidads.colorado.edu/pub/DATASETS/nsidc0081_nrt_nasateam_seaice/north/nt_20140328_f17_nrt_n.bin
2014,    03,  29,   14.46201,    0.00000, ftp://sidads.colorado.edu/pub/DATASETS/nsidc0081_nrt_nasateam_seaice/north/nt_20140329_f17_nrt_n.bin
2014,    03,  30,   14.47002,    0.00000, ftp://sidads.colorado.edu/pub/DATASETS/nsidc0081_nrt_nasateam_seaice/north/nt_20140330_f17_nrt_n.bin
2014,    03,  31,   14.55444,    0.00000, ftp://sidads.colorado.edu/pub/DATASETS/nsidc0081_nrt_nasateam_seaice/north/nt_20140331_f17_nrt_n.bin
2014,    04,  01,   14.50680,    0.00000, ftp://sidads.colorado.edu/pub/DATASETS/nsidc0081_nrt_nasateam_seaice/north/nt_20140401_f17_nrt_n.bin
2014,    04,  02,   14.48965,    0.00000, ftp://sidads.colorado.edu/pub/DATASETS/nsidc0081_nrt_nasateam_seaice/north/nt_20140402_f17_nrt_n.bin
2014,    04,  03,   14.44776,    0.00000, ftp://sidads.colorado.edu/pub/DATASETS/nsidc0081_nrt_nasateam_seaice/north/nt_20140403_f17_nrt_n.bin
2014,    04,  04,   14.54347,    0.00000, ftp://sidads.colorado.edu/pub/DATASETS/nsidc0081_nrt_nasateam_seaice/north/nt_20140404_f17_nrt_n.bin
2014,    04,  05,   14.57857,    0.00000, ftp://sidads.colorado.edu/pub/DATASETS/nsidc0081_nrt_nasateam_seaice/north/nt_20140405_f17_nrt_n.bin
2014,    04,  06,   14.52399,    0.00000, ftp://sidads.colorado.edu/pub/DATASETS/nsidc0081_nrt_nasateam_seaice/north/nt_20140406_f17_nrt_n.bin
2014,    04,  07,   14.48082,    0.00000, ftp://sidads.colorado.edu/pub/DATASETS/nsidc0081_nrt_nasateam_seaice/north/nt_20140407_f17_nrt_n.bin
2014,    04,  08,   14.45671,    0.00000, ftp://sidads.colorado.edu/pub/DATASETS/nsidc0081_nrt_nasateam_seaice/north/nt_20140408_f17_nrt_n.bin
2014,    04,  09,   14.43054,    0.00000, ftp://sidads.colorado.edu/pub/DATASETS/nsidc0081_nrt_nasateam_seaice/north/nt_20140409_f17_nrt_n.bin
2014,    04,  10,   14.31800,    0.00000, ftp://sidads.colorado.edu/pub/DATASETS/nsidc0081_nrt_nasateam_seaice/north/nt_20140410_f17_nrt_n.bin
2014,    04,  11,   14.33400,    0.00000, ftp://sidads.colorado.edu/pub/DATASETS/nsidc0081_nrt_nasateam_seaice/north/nt_20140411_f17_nrt_n.bin
2014,    04,  12,   14.15136,    0.00000, ftp://sidads.colorado.edu/pub/DATASETS/nsidc0081_nrt_nasateam_seaice/north/nt_20140412_f17_nrt_n.bin
2014,    04,  13,   14.10503,    0.00000, ftp://sidads.colorado.edu/pub/DATASETS/nsidc0081_nrt_nasateam_seaice/north/nt_20140413_f17_nrt_n.bin
2014,    04,  14,   14.16799,    0.00000, ftp://sidads.colorado.edu/pub/DATASETS/nsidc0081_nrt_nasateam_seaice/north/nt_20140414_f17_nrt_n.bin
2014,    04,  15,   14.12752,    0.00000, ftp://sidads.colorado.edu/pub/DATASETS/nsidc0081_nrt_nasateam_seaice/north/nt_20140415_f17_nrt_n.bin
2014,    04,  16,   14.06725,    0.00000, ftp://sidads.colorado.edu/pub/DATASETS/nsidc0081_nrt_nasateam_seaice/north/nt_20140416_f17_nrt_n.bin
2014,    04,  17,   13.90900,    0.00000, ftp://sidads.colorado.edu/pub/DATASETS/nsidc0081_nrt_nasateam_seaice/north/nt_20140417_f17_nrt_n.bin
2014,    04,  18,   13.79051,    0.00000, ftp://sidads.colorado.edu/pub/DATASETS/nsidc0081_nrt_nasateam_seaice/north/nt_20140418_f17_nrt_n.bin
2014,    04,  19,   13.78049,    0.00000, ftp://sidads.colorado.edu/pub/DATASETS/nsidc0081_nrt_nasateam_seaice/north/nt_20140419_f17_nrt_n.bin
2014,    04,  20,   13.77089,    0.00000, ftp://sidads.colorado.edu/pub/DATASETS/nsidc0081_nrt_nasateam_seaice/north/nt_20140420_f17_nrt_n.bin
2014,    04,  21,   13.78273,    0.00000, ftp://sidads.colorado.edu/pub/DATASETS/nsidc0081_nrt_nasateam_seaice/north/nt_20140421_f17_nrt_n.bin
2014,    04,  22,   13.76670,    0.00000, ftp://sidads.colorado.edu/pub/DATASETS/nsidc0081_nrt_nasateam_seaice/north/nt_20140422_f17_nrt_n.bin
2014,    04,  23,   13.81354,    0.00000, ftp://sidads.colorado.edu/pub/DATASETS/nsidc0081_nrt_nasateam_seaice/north/nt_20140423_f17_nrt_n.bin
2014,    04,  24,   13.80284,    0.00000, ftp://sidads.colorado.edu/pub/DATASETS/nsidc0081_nrt_nasateam_seaice/north/nt_20140424_f17_nrt_n.bin
2014,    04,  25,   13.75590,    0.00000, ftp://sidads.colorado.edu/pub/DATASETS/nsidc0081_nrt_nasateam_seaice/north/nt_20140425_f17_nrt_n.bin
2014,    04,  26,   13.71643,    0.00000, ftp://sidads.colorado.edu/pub/DATASETS/nsidc0081_nrt_nasateam_seaice/north/nt_20140426_f17_nrt_n.bin
2014,    04,  27,   13.66796,    0.00000, ftp://sidads.colorado.edu/pub/DATASETS/nsidc0081_nrt_nasateam_seaice/north/nt_20140427_f17_nrt_n.bin
2014,    04,  28,   13.60344,    0.00000, ftp://sidads.colorado.edu/pub/DATASETS/nsidc0081_nrt_nasateam_seaice/north/nt_20140428_f17_nrt_n.bin
2014,    04,  29,   13.60752,    0.00000, ftp://sidads.colorado.edu/pub/DATASETS/nsidc0081_nrt_nasateam_seaice/north/nt_20140429_f17_nrt_n.bin
2014,    04,  30,   13.57116,    0.00000, ftp://sidads.colorado.edu/pub/DATASETS/nsidc0081_nrt_nasateam_seaice/north/nt_20140430_f17_nrt_n.bin
2014,    05,  01,   13.40094,    0.00000, ftp://sidads.colorado.edu/pub/DATASETS/nsidc0081_nrt_nasateam_seaice/north/nt_20140501_f17_nrt_n.bin
2014,    05,  02,   13.30104,    0.00000, ftp://sidads.colorado.edu/pub/DATASETS/nsidc0081_nrt_nasateam_seaice/north/nt_20140502_f17_nrt_n.bin
2014,    05,  03,   13.24421,    0.00000, ftp://sidads.colorado.edu/pub/DATASETS/nsidc0081_nrt_nasateam_seaice/north/nt_20140503_f17_nrt_n.bin
2014,    05,  04,   13.20412,    0.00000, ftp://sidads.colorado.edu/pub/DATASETS/nsidc0081_nrt_nasateam_seaice/north/nt_20140504_f17_nrt_n.bin
2014,    05,  05,   13.14351,    0.00000, ftp://sidads.colorado.edu/pub/DATASETS/nsidc0081_nrt_nasateam_seaice/north/nt_20140505_f17_nrt_n.bin
2014,    05,  06,   13.07000,    0.00000, ftp://sidads.colorado.edu/pub/DATASETS/nsidc0081_nrt_nasateam_seaice/north/nt_20140506_f17_nrt_n.bin
2014,    05,  07,   13.07783,    0.00000, ftp://sidads.colorado.edu/pub/DATASETS/nsidc0081_nrt_nasateam_seaice/north/nt_20140507_f17_nrt_n.bin
2014,    05,  08,   13.00943,    0.00000, ftp://sidads.colorado.edu/pub/DATASETS/nsidc0081_nrt_nasateam_seaice/north/nt_20140508_f17_nrt_n.bin
2014,    05,  09,   12.97866,    0.00000, ftp://sidads.colorado.edu/pub/DATASETS/nsidc0081_nrt_nasateam_seaice/north/nt_20140509_f17_nrt_n.bin
2014,    05,  10,   12.94344,    0.00000, ftp://sidads.colorado.edu/pub/DATASETS/nsidc0081_nrt_nasateam_seaice/north/nt_20140510_f17_nrt_n.bin
2014,    05,  11,   12.90187,    0.00000, ftp://sidads.colorado.edu/pub/DATASETS/nsidc0081_nrt_nasateam_seaice/north/nt_20140511_f17_nrt_n.bin
2014,    05,  12,   12.80202,    0.00000, ftp://sidads.colorado.edu/pub/DATASETS/nsidc0081_nrt_nasateam_seaice/north/nt_20140512_f17_nrt_n.bin
2014,    05,  13,   12.73470,    0.00000, ftp://sidads.colorado.edu/pub/DATASETS/nsidc0081_nrt_nasateam_seaice/north/nt_20140513_f17_nrt_n.bin
2014,    05,  14,   12.71197,    0.00000, ftp://sidads.colorado.edu/pub/DATASETS/nsidc0081_nrt_nasateam_seaice/north/nt_20140514_f17_nrt_n.bin
2014,    05,  15,   12.73488,    0.00000, ftp://sidads.colorado.edu/pub/DATASETS/nsidc0081_nrt_nasateam_seaice/north/nt_20140515_f17_nrt_n.bin
2014,    05,  16,   12.69641,    0.00000, ftp://sidads.colorado.edu/pub/DATASETS/nsidc0081_nrt_nasateam_seaice/north/nt_20140516_f17_nrt_n.bin
2014,    05,  17,   12.69304,    0.00000, ftp://sidads.colorado.edu/pub/DATASETS/nsidc0081_nrt_nasateam_seaice/north/nt_20140517_f17_nrt_n.bin
2014,    05,  18,   12.63929,    0.00000, ftp://sidads.colorado.edu/pub/DATASETS/nsidc0081_nrt_nasateam_seaice/north/nt_20140518_f17_nrt_n.bin
2014,    05,  19,   12.61206,    0.00000, ftp://sidads.colorado.edu/pub/DATASETS/nsidc0081_nrt_nasateam_seaice/north/nt_20140519_f17_nrt_n.bin
2014,    05,  20,   12.62441,    0.00000, ftp://sidads.colorado.edu/pub/DATASETS/nsidc0081_nrt_nasateam_seaice/north/nt_20140520_f17_nrt_n.bin
2014,    05,  21,   12.53851,    0.00000, ftp://sidads.colorado.edu/pub/DATASETS/nsidc0081_nrt_nasateam_seaice/north/nt_20140521_f17_nrt_n.bin
2014,    05,  22,   12.54458,    0.00000, ftp://sidads.colorado.edu/pub/DATASETS/nsidc0081_nrt_nasateam_seaice/north/nt_20140522_f17_nrt_n.bin
2014,    05,  23,   12.54743,    0.00000, ftp://sidads.colorado.edu/pub/DATASETS/nsidc0081_nrt_nasateam_seaice/north/nt_20140523_f17_nrt_n.bin
2014,    05,  24,   12.49235,    0.00000, ftp://sidads.colorado.edu/pub/DATASETS/nsidc0081_nrt_nasateam_seaice/north/nt_20140524_f17_nrt_n.bin
2014,    05,  25,   12.39423,    0.00000, ftp://sidads.colorado.edu/pub/DATASETS/nsidc0081_nrt_nasateam_seaice/north/nt_20140525_f17_nrt_n.bin
2014,    05,  26,   12.40263,    0.00000, ftp://sidads.colorado.edu/pub/DATASETS/nsidc0081_nrt_nasateam_seaice/north/nt_20140526_f17_nrt_n.bin
2014,    05,  27,   12.32740,    0.00000, ftp://sidads.colorado.edu/pub/DATASETS/nsidc0081_nrt_nasateam_seaice/north/nt_20140527_f17_nrt_n.bin
2014,    05,  28,   12.27750,    0.00000, ftp://sidads.colorado.edu/pub/DATASETS/nsidc0081_nrt_nasateam_seaice/north/nt_20140528_f17_nrt_n.bin
2014,    05,  29,   12.23196,    0.00000, ftp://sidads.colorado.edu/pub/DATASETS/nsidc0081_nrt_nasateam_seaice/north/nt_20140529_f17_nrt_n.bin
2014,    05,  30,   12.28223,    0.00000, ftp://sidads.colorado.edu/pub/DATASETS/nsidc0081_nrt_nasateam_seaice/north/nt_20140530_f17_nrt_n.bin
2014,    05,  31,   12.17635,    0.00000, ftp://sidads.colorado.edu/pub/DATASETS/nsidc0081_nrt_nasateam_seaice/north/nt_20140531_f17_nrt_n.bin
2014,    06,  01,   12.07824,    0.00000, ftp://sidads.colorado.edu/pub/DATASETS/nsidc0081_nrt_nasateam_seaice/north/nt_20140601_f17_nrt_n.bin
2014,    06,  02,   12.05357,    0.00000, ftp://sidads.colorado.edu/pub/DATASETS/nsidc0081_nrt_nasateam_seaice/north/nt_20140602_f17_nrt_n.bin
2014,    06,  03,   11.95336,    0.00000, ftp://sidads.colorado.edu/pub/DATASETS/nsidc0081_nrt_nasateam_seaice/north/nt_20140603_f17_nrt_n.bin
2014,    06,  04,   11.85992,    0.00000, ftp://sidads.colorado.edu/pub/DATASETS/nsidc0081_nrt_nasateam_seaice/north/nt_20140604_f17_nrt_n.bin
2014,    06,  05,   11.75178,    0.00000, ftp://sidads.colorado.edu/pub/DATASETS/nsidc0081_nrt_nasateam_seaice/north/nt_20140605_f17_nrt_n.bin
2014,    06,  06,   11.75206,    0.00000, ftp://sidads.colorado.edu/pub/DATASETS/nsidc0081_nrt_nasateam_seaice/north/nt_20140606_f17_nrt_n.bin
2014,    06,  07,   11.80972,    0.00000, ftp://sidads.colorado.edu/pub/DATASETS/nsidc0081_nrt_nasateam_seaice/north/nt_20140607_f17_nrt_n.bin
2014,    06,  08,   11.75400,    0.00000, ftp://sidads.colorado.edu/pub/DATASETS/nsidc0081_nrt_nasateam_seaice/north/nt_20140608_f17_nrt_n.bin
2014,    06,  09,   11.70128,    0.00000, ftp://sidads.colorado.edu/pub/DATASETS/nsidc0081_nrt_nasateam_seaice/north/nt_20140609_f17_nrt_n.bin
2014,    06,  10,   11.60554,    0.00000, ftp://sidads.colorado.edu/pub/DATASETS/nsidc0081_nrt_nasateam_seaice/north/nt_20140610_f17_nrt_n.bin
2014,    06,  11,   11.58341,    0.00000, ftp://sidads.colorado.edu/pub/DATASETS/nsidc0081_nrt_nasateam_seaice/north/nt_20140611_f17_nrt_n.bin
2014,    06,  12,   11.40259,    0.00000, ftp://sidads.colorado.edu/pub/DATASETS/nsidc0081_nrt_nasateam_seaice/north/nt_20140612_f17_nrt_n.bin
2014,    06,  13,   11.37907,    0.00000, ftp://sidads.colorado.edu/pub/DATASETS/nsidc0081_nrt_nasateam_seaice/north/nt_20140613_f17_nrt_n.bin
2014,    06,  14,   11.33605,    0.00000, ftp://sidads.colorado.edu/pub/DATASETS/nsidc0081_nrt_nasateam_seaice/north/nt_20140614_f17_nrt_n.bin
2014,    06,  15,   11.13067,    0.00000, ftp://sidads.colorado.edu/pub/DATASETS/nsidc0081_nrt_nasateam_seaice/north/nt_20140615_f17_nrt_n.bin
2014,    06,  16,   11.22858,    0.00000, ftp://sidads.colorado.edu/pub/DATASETS/nsidc0081_nrt_nasateam_seaice/north/nt_20140616_f17_nrt_n.bin
2014,    06,  17,   11.23452,    0.00000, ftp://sidads.colorado.edu/pub/DATASETS/nsidc0081_nrt_nasateam_seaice/north/nt_20140617_f17_nrt_n.bin
2014,    06,  18,   11.13383,    0.00000, ftp://sidads.colorado.edu/pub/DATASETS/nsidc0081_nrt_nasateam_seaice/north/nt_20140618_f17_nrt_n.bin
2014,    06,  19,   10.97682,    0.00000, ftp://sidads.colorado.edu/pub/DATASETS/nsidc0081_nrt_nasateam_seaice/north/nt_20140619_f17_nrt_n.bin
2014,    06,  20,   10.88641,    0.00000, ftp://sidads.colorado.edu/pub/DATASETS/nsidc0081_nrt_nasateam_seaice/north/nt_20140620_f17_nrt_n.bin
2014,    06,  21,   10.72841,    0.00000, ftp://sidads.colorado.edu/pub/DATASETS/nsidc0081_nrt_nasateam_seaice/north/nt_20140621_f17_nrt_n.bin
2014,    06,  22,   10.63565,    0.00000, ftp://sidads.colorado.edu/pub/DATASETS/nsidc0081_nrt_nasateam_seaice/north/nt_20140622_f17_nrt_n.bin
2014,    06,  23,   10.52767,    0.00000, ftp://sidads.colorado.edu/pub/DATASETS/nsidc0081_nrt_nasateam_seaice/north/nt_20140623_f17_nrt_n.bin
2014,    06,  24,   10.46116,    0.00000, ftp://sidads.colorado.edu/pub/DATASETS/nsidc0081_nrt_nasateam_seaice/north/nt_20140624_f17_nrt_n.bin
2014,    06,  25,   10.35346,    0.00000, ftp://sidads.colorado.edu/pub/DATASETS/nsidc0081_nrt_nasateam_seaice/north/nt_20140625_f17_nrt_n.bin
2014,    06,  26,   10.26349,    0.00000, ftp://sidads.colorado.edu/pub/DATASETS/nsidc0081_nrt_nasateam_seaice/north/nt_20140626_f17_nrt_n.bin
2014,    06,  27,   10.12913,    0.00000, ftp://sidads.colorado.edu/pub/DATASETS/nsidc0081_nrt_nasateam_seaice/north/nt_20140627_f17_nrt_n.bin
2014,    06,  28,    9.87882,    0.00000, ftp://sidads.colorado.edu/pub/DATASETS/nsidc0081_nrt_nasateam_seaice/north/nt_20140628_f17_nrt_n.bin
2014,    06,  29,    9.57432,    0.00000, ftp://sidads.colorado.edu/pub/DATASETS/nsidc0081_nrt_nasateam_seaice/north/nt_20140629_f17_nrt_n.bin
2014,    06,  30,    9.61414,    0.00000, ftp://sidads.colorado.edu/pub/DATASETS/nsidc0081_nrt_nasateam_seaice/north/nt_20140630_f17_nrt_n.bin
2014,    07,  01,    9.35337,    0.00000, ftp://sidads.colorado.edu/pub/DATASETS/nsidc0081_nrt_nasateam_seaice/north/nt_20140701_f17_nrt_n.bin
2014,    07,  02,    9.27606,    0.00000, ftp://sidads.colorado.edu/pub/DATASETS/nsidc0081_nrt_nasateam_seaice/north/nt_20140702_f17_nrt_n.bin
2014,    07,  03,    9.21397,    0.00000, ftp://sidads.colorado.edu/pub/DATASETS/nsidc0081_nrt_nasateam_seaice/north/nt_20140703_f17_nrt_n.bin
2014,    07,  04,    9.17188,    0.00000, ftp://sidads.colorado.edu/pub/DATASETS/nsidc0081_nrt_nasateam_seaice/north/nt_20140704_f17_nrt_n.bin
2014,    07,  05,    9.01562,    0.00000, ftp://sidads.colorado.edu/pub/DATASETS/nsidc0081_nrt_nasateam_seaice/north/nt_20140705_f17_nrt_n.bin
2014,    07,  06,    8.98274,    0.00000, ftp://sidads.colorado.edu/pub/DATASETS/nsidc0081_nrt_nasateam_seaice/north/nt_20140706_f17_nrt_n.bin
2014,    07,  07,    8.91684,    0.00000, ftp://sidads.colorado.edu/pub/DATASETS/nsidc0081_nrt_nasateam_seaice/north/nt_20140707_f17_nrt_n.bin
2014,    07,  08,    8.75664,    0.00000, ftp://sidads.colorado.edu/pub/DATASETS/nsidc0081_nrt_nasateam_seaice/north/nt_20140708_f17_nrt_n.bin
2014,    07,  09,    8.74160,    0.00000, ftp://sidads.colorado.edu/pub/DATASETS/nsidc0081_nrt_nasateam_seaice/north/nt_20140709_f17_nrt_n.bin
2014,    07,  10,    8.58531,    0.00000, ftp://sidads.colorado.edu/pub/DATASETS/nsidc0081_nrt_nasateam_seaice/north/nt_20140710_f17_nrt_n.bin
2014,    07,  11,    8.44947,    0.00000, ftp://sidads.colorado.edu/pub/DATASETS/nsidc0081_nrt_nasateam_seaice/north/nt_20140711_f17_nrt_n.bin
2014,    07,  12,    8.44504,    0.00000, ftp://sidads.colorado.edu/pub/DATASETS/nsidc0081_nrt_nasateam_seaice/north/nt_20140712_f17_nrt_n.bin
2014,    07,  13,    8.36924,    0.00000, ftp://sidads.colorado.edu/pub/DATASETS/nsidc0081_nrt_nasateam_seaice/north/nt_20140713_f17_nrt_n.bin
2014,    07,  14,    8.26689,    0.00000, ftp://sidads.colorado.edu/pub/DATASETS/nsidc0081_nrt_nasateam_seaice/north/nt_20140714_f17_nrt_n.bin
2014,    07,  15,    8.13842,    0.00000, ftp://sidads.colorado.edu/pub/DATASETS/nsidc0081_nrt_nasateam_seaice/north/nt_20140715_f17_nrt_n.bin
2014,    07,  16,    8.07240,    0.00000, ftp://sidads.colorado.edu/pub/DATASETS/nsidc0081_nrt_nasateam_seaice/north/nt_20140716_f17_nrt_n.bin
2014,    07,  17,    7.94567,    0.00000, ftp://sidads.colorado.edu/pub/DATASETS/nsidc0081_nrt_nasateam_seaice/north/nt_20140717_f17_nrt_n.bin
2014,    07,  18,    7.94339,    0.00000, ftp://sidads.colorado.edu/pub/DATASETS/nsidc0081_nrt_nasateam_seaice/north/nt_20140718_f17_nrt_n.bin
2014,    07,  19,    7.90392,    0.00000, ftp://sidads.colorado.edu/pub/DATASETS/nsidc0081_nrt_nasateam_seaice/north/nt_20140719_f17_nrt_n.bin
2014,    07,  20,    7.86077,    0.00000, ftp://sidads.colorado.edu/pub/DATASETS/nsidc0081_nrt_nasateam_seaice/north/nt_20140720_f17_nrt_n.bin
2014,    07,  21,    7.78927,    0.00000, ftp://sidads.colorado.edu/pub/DATASETS/nsidc0081_nrt_nasateam_seaice/north/nt_20140721_f17_nrt_n.bin
2014,    07,  22,    7.67465,    0.00000, ftp://sidads.colorado.edu/pub/DATASETS/nsidc0081_nrt_nasateam_seaice/north/nt_20140722_f17_nrt_n.bin
2014,    07,  23,    7.72121,    0.00000, ftp://sidads.colorado.edu/pub/DATASETS/nsidc0081_nrt_nasateam_seaice/north/nt_20140723_f17_nrt_n.bin
2014,    07,  24,    7.61785,    0.00000, ftp://sidads.colorado.edu/pub/DATASETS/nsidc0081_nrt_nasateam_seaice/north/nt_20140724_f17_nrt_n.bin
2014,    07,  25,    7.58729,    0.00000, ftp://sidads.colorado.edu/pub/DATASETS/nsidc0081_nrt_nasateam_seaice/north/nt_20140725_f17_nrt_n.bin
2014,    07,  26,    7.43163,    0.00000, ftp://sidads.colorado.edu/pub/DATASETS/nsidc0081_nrt_nasateam_seaice/north/nt_20140726_f17_nrt_n.bin
2014,    07,  27,    7.39310,    0.00000, ftp://sidads.colorado.edu/pub/DATASETS/nsidc0081_nrt_nasateam_seaice/north/nt_20140727_f17_nrt_n.bin
2014,    07,  28,    7.30463,    0.00000, ftp://sidads.colorado.edu/pub/DATASETS/nsidc0081_nrt_nasateam_seaice/north/nt_20140728_f17_nrt_n.bin
2014,    07,  29,    7.16743,    0.00000, ftp://sidads.colorado.edu/pub/DATASETS/nsidc0081_nrt_nasateam_seaice/north/nt_20140729_f17_nrt_n.bin
2014,    07,  30,    7.03436,    0.00000, ftp://sidads.colorado.edu/pub/DATASETS/nsidc0081_nrt_nasateam_seaice/north/nt_20140730_f17_nrt_n.bin
2014,    07,  31,    7.09741,    0.00000, ftp://sidads.colorado.edu/pub/DATASETS/nsidc0081_nrt_nasateam_seaice/north/nt_20140731_f17_nrt_n.bin
2014,    08,  01,    7.00645,    0.00000, ftp://sidads.colorado.edu/pub/DATASETS/nsidc0081_nrt_nasateam_seaice/north/nt_20140801_f17_nrt_n.bin
2014,    08,  02,    6.90590,    0.00000, ftp://sidads.colorado.edu/pub/DATASETS/nsidc0081_nrt_nasateam_seaice/north/nt_20140802_f17_nrt_n.bin
2014,    08,  03,    6.84351,    0.00000, ftp://sidads.colorado.edu/pub/DATASETS/nsidc0081_nrt_nasateam_seaice/north/nt_20140803_f17_nrt_n.bin
2014,    08,  04,    6.77706,    0.00000, ftp://sidads.colorado.edu/pub/DATASETS/nsidc0081_nrt_nasateam_seaice/north/nt_20140804_f17_nrt_n.bin
2014,    08,  05,    6.74749,    0.00000, ftp://sidads.colorado.edu/pub/DATASETS/nsidc0081_nrt_nasateam_seaice/north/nt_20140805_f17_nrt_n.bin
2014,    08,  06,    6.71258,    0.00000, ftp://sidads.colorado.edu/pub/DATASETS/nsidc0081_nrt_nasateam_seaice/north/nt_20140806_f17_nrt_n.bin
2014,    08,  07,    6.67701,    0.00000, ftp://sidads.colorado.edu/pub/DATASETS/nsidc0081_nrt_nasateam_seaice/north/nt_20140807_f17_nrt_n.bin
2014,    08,  08,    6.61499,    0.00000, ftp://sidads.colorado.edu/pub/DATASETS/nsidc0081_nrt_nasateam_seaice/north/nt_20140808_f17_nrt_n.bin
2014,    08,  09,    6.57446,    0.00000, ftp://sidads.colorado.edu/pub/DATASETS/nsidc0081_nrt_nasateam_seaice/north/nt_20140809_f17_nrt_n.bin
2014,    08,  10,    6.44667,    0.00000, ftp://sidads.colorado.edu/pub/DATASETS/nsidc0081_nrt_nasateam_seaice/north/nt_20140810_f17_nrt_n.bin
2014,    08,  11,    6.39435,    0.00000, ftp://sidads.colorado.edu/pub/DATASETS/nsidc0081_nrt_nasateam_seaice/north/nt_20140811_f17_nrt_n.bin
2014,    08,  12,    6.34033,    0.00000, ftp://sidads.colorado.edu/pub/DATASETS/nsidc0081_nrt_nasateam_seaice/north/nt_20140812_f17_nrt_n.bin
2014,    08,  13,    6.21270,    0.00000, ftp://sidads.colorado.edu/pub/DATASETS/nsidc0081_nrt_nasateam_seaice/north/nt_20140813_f17_nrt_n.bin
2014,    08,  14,    6.17952,    0.00000, ftp://sidads.colorado.edu/pub/DATASETS/nsidc0081_nrt_nasateam_seaice/north/nt_20140814_f17_nrt_n.bin
2014,    08,  15,    6.13958,    0.00000, ftp://sidads.colorado.edu/pub/DATASETS/nsidc0081_nrt_nasateam_seaice/north/nt_20140815_f17_nrt_n.bin
2014,    08,  16,    6.04681,    0.00000, ftp://sidads.colorado.edu/pub/DATASETS/nsidc0081_nrt_nasateam_seaice/north/nt_20140816_f17_nrt_n.bin
2014,    08,  17,    5.96360,    0.00000, ftp://sidads.colorado.edu/pub/DATASETS/nsidc0081_nrt_nasateam_seaice/north/nt_20140817_f17_nrt_n.bin
2014,    08,  18,    5.89312,    0.00000, ftp://sidads.colorado.edu/pub/DATASETS/nsidc0081_nrt_nasateam_seaice/north/nt_20140818_f17_nrt_n.bin
2014,    08,  19,    5.90380,    0.00000, ftp://sidads.colorado.edu/pub/DATASETS/nsidc0081_nrt_nasateam_seaice/north/nt_20140819_f17_nrt_n.bin
2014,    08,  20,    5.82032,    0.00000, ftp://sidads.colorado.edu/pub/DATASETS/nsidc0081_nrt_nasateam_seaice/north/nt_20140820_f17_nrt_n.bin
2014,    08,  21,    5.75012,    0.00000, ftp://sidads.colorado.edu/pub/DATASETS/nsidc0081_nrt_nasateam_seaice/north/nt_20140821_f17_nrt_n.bin
2014,    08,  22,    5.78232,    0.00000, ftp://sidads.colorado.edu/pub/DATASETS/nsidc0081_nrt_nasateam_seaice/north/nt_20140822_f17_nrt_n.bin
2014,    08,  23,    5.79266,    0.00000, ftp://sidads.colorado.edu/pub/DATASETS/nsidc0081_nrt_nasateam_seaice/north/nt_20140823_f17_nrt_n.bin
2014,    08,  24,    5.63577,    0.00000, ftp://sidads.colorado.edu/pub/DATASETS/nsidc0081_nrt_nasateam_seaice/north/nt_20140824_f17_nrt_n.bin
2014,    08,  25,    5.62576,    0.00000, ftp://sidads.colorado.edu/pub/DATASETS/nsidc0081_nrt_nasateam_seaice/north/nt_20140825_f17_nrt_n.bin
2014,    08,  26,    5.61728,    0.00000, ftp://sidads.colorado.edu/pub/DATASETS/nsidc0081_nrt_nasateam_seaice/north/nt_20140826_f17_nrt_n.bin
2014,    08,  27,    5.57198,    0.00000, ftp://sidads.colorado.edu/pub/DATASETS/nsidc0081_nrt_nasateam_seaice/north/nt_20140827_f17_nrt_n.bin
2014,    08,  28,    5.55146,    0.00000, ftp://sidads.colorado.edu/pub/DATASETS/nsidc0081_nrt_nasateam_seaice/north/nt_20140828_f17_nrt_n.bin
2014,    08,  29,    5.54282,    0.00000, ftp://sidads.colorado.edu/pub/DATASETS/nsidc0081_nrt_nasateam_seaice/north/nt_20140829_f17_nrt_n.bin
2014,    08,  30,    5.48164,    0.00000, ftp://sidads.colorado.edu/pub/DATASETS/nsidc0081_nrt_nasateam_seaice/north/nt_20140830_f17_nrt_n.bin
2014,    08,  31,    5.43178,    0.00000, ftp://sidads.colorado.edu/pub/DATASETS/nsidc0081_nrt_nasateam_seaice/north/nt_20140831_f17_nrt_n.bin
2014,    09,  01,    5.38823,    0.00000, ftp://sidads.colorado.edu/pub/DATASETS/nsidc0081_nrt_nasateam_seaice/north/nt_20140901_f17_nrt_n.bin
2014,    09,  02,    5.36559,    0.00000, ftp://sidads.colorado.edu/pub/DATASETS/nsidc0081_nrt_nasateam_seaice/north/nt_20140902_f17_nrt_n.bin
2014,    09,  03,    5.38001,    0.00000, ftp://sidads.colorado.edu/pub/DATASETS/nsidc0081_nrt_nasateam_seaice/north/nt_20140903_f17_nrt_n.bin
2014,    09,  04,    5.32711,    0.00000, ftp://sidads.colorado.edu/pub/DATASETS/nsidc0081_nrt_nasateam_seaice/north/nt_20140904_f17_nrt_n.bin
2014,    09,  05,    5.24909,    0.00000, ftp://sidads.colorado.edu/pub/DATASETS/nsidc0081_nrt_nasateam_seaice/north/nt_20140905_f17_nrt_n.bin
2014,    09,  06,    5.22999,    0.00000, ftp://sidads.colorado.edu/pub/DATASETS/nsidc0081_nrt_nasateam_seaice/north/nt_20140906_f17_nrt_n.bin
2014,    09,  07,    5.24233,    0.00000, ftp://sidads.colorado.edu/pub/DATASETS/nsidc0081_nrt_nasateam_seaice/north/nt_20140907_f17_nrt_n.bin
2014,    09,  08,    5.18898,    0.00000, ftp://sidads.colorado.edu/pub/DATASETS/nsidc0081_nrt_nasateam_seaice/north/nt_20140908_f17_nrt_n.bin
2014,    09,  09,    5.14118,    0.00000, ftp://sidads.colorado.edu/pub/DATASETS/nsidc0081_nrt_nasateam_seaice/north/nt_20140909_f17_nrt_n.bin
2014,    09,  10,    5.11951,    0.00000, ftp://sidads.colorado.edu/pub/DATASETS/nsidc0081_nrt_nasateam_seaice/north/nt_20140910_f17_nrt_n.bin
2014,    09,  11,    5.13486,    0.00000, ftp://sidads.colorado.edu/pub/DATASETS/nsidc0081_nrt_nasateam_seaice/north/nt_20140911_f17_nrt_n.bin
2014,    09,  12,    5.11471,    0.00000, ftp://sidads.colorado.edu/pub/DATASETS/nsidc0081_nrt_nasateam_seaice/north/nt_20140912_f17_nrt_n.bin
2014,    09,  13,    5.02986,    0.00000, ftp://sidads.colorado.edu/pub/DATASETS/nsidc0081_nrt_nasateam_seaice/north/nt_20140913_f17_nrt_n.bin
2014,    09,  14,    5.03147,    0.00000, ftp://sidads.colorado.edu/pub/DATASETS/nsidc0081_nrt_nasateam_seaice/north/nt_20140914_f17_nrt_n.bin
2014,    09,  15,    5.02379,    0.00000, ftp://sidads.colorado.edu/pub/DATASETS/nsidc0081_nrt_nasateam_seaice/north/nt_20140915_f17_nrt_n.bin
2014,    09,  16,    4.98339,    0.00000, ftp://sidads.colorado.edu/pub/DATASETS/nsidc0081_nrt_nasateam_seaice/north/nt_20140916_f17_nrt_n.bin
2014,    09,  17,    5.01051,    0.00000, ftp://sidads.colorado.edu/pub/DATASETS/nsidc0081_nrt_nasateam_seaice/north/nt_20140917_f17_nrt_n.bin
2014,    09,  18,    5.06298,    0.00000, ftp://sidads.colorado.edu/pub/DATASETS/nsidc0081_nrt_nasateam_seaice/north/nt_20140918_f17_nrt_n.bin
2014,    09,  19,    5.09703,    0.00000, ftp://sidads.colorado.edu/pub/DATASETS/nsidc0081_nrt_nasateam_seaice/north/nt_20140919_f17_nrt_n.bin
2014,    09,  20,    5.11498,    0.00000, ftp://sidads.colorado.edu/pub/DATASETS/nsidc0081_nrt_nasateam_seaice/north/nt_20140920_f17_nrt_n.bin
2014,    09,  21,    5.15066,    0.00000, ftp://sidads.colorado.edu/pub/DATASETS/nsidc0081_nrt_nasateam_seaice/north/nt_20140921_f17_nrt_n.bin
2014,    09,  22,    5.14065,    0.00000, ftp://sidads.colorado.edu/pub/DATASETS/nsidc0081_nrt_nasateam_seaice/north/nt_20140922_f17_nrt_n.bin
2014,    09,  23,    5.18437,    0.00000, ftp://sidads.colorado.edu/pub/DATASETS/nsidc0081_nrt_nasateam_seaice/north/nt_20140923_f17_nrt_n.bin
2014,    09,  24,    5.23679,    0.00000, ftp://sidads.colorado.edu/pub/DATASETS/nsidc0081_nrt_nasateam_seaice/north/nt_20140924_f17_nrt_n.bin
2014,    09,  25,    5.29663,    0.00000, ftp://sidads.colorado.edu/pub/DATASETS/nsidc0081_nrt_nasateam_seaice/north/nt_20140925_f17_nrt_n.bin
2014,    09,  26,    5.36850,    0.00000, ftp://sidads.colorado.edu/pub/DATASETS/nsidc0081_nrt_nasateam_seaice/north/nt_20140926_f17_nrt_n.bin
2014,    09,  27,    5.33197,    0.00000, ftp://sidads.colorado.edu/pub/DATASETS/nsidc0081_nrt_nasateam_seaice/north/nt_20140927_f17_nrt_n.bin
2014,    09,  28,    5.39367,    0.00000, ftp://sidads.colorado.edu/pub/DATASETS/nsidc0081_nrt_nasateam_seaice/north/nt_20140928_f17_nrt_n.bin
2014,    09,  29,    5.44555,    0.00000, ftp://sidads.colorado.edu/pub/DATASETS/nsidc0081_nrt_nasateam_seaice/north/nt_20140929_f17_nrt_n.bin
2014,    09,  30,    5.52970,    0.00000, ftp://sidads.colorado.edu/pub/DATASETS/nsidc0081_nrt_nasateam_seaice/north/nt_20140930_f17_nrt_n.bin
2014,    10,  01,    5.62301,    0.00000, ftp://sidads.colorado.edu/pub/DATASETS/nsidc0081_nrt_nasateam_seaice/north/nt_20141001_f17_nrt_n.bin
2014,    10,  02,    5.66241,    0.00000, ftp://sidads.colorado.edu/pub/DATASETS/nsidc0081_nrt_nasateam_seaice/north/nt_20141002_f17_nrt_n.bin
2014,    10,  03,    5.75028,    0.00000, ftp://sidads.colorado.edu/pub/DATASETS/nsidc0081_nrt_nasateam_seaice/north/nt_20141003_f17_nrt_n.bin
